tweet,clasificacion
federico gutiérrez presidente de colombia,NEUTRAL
cambie de jibaro.,NEGATIVA
arriba negrita querida..colombia es de todos y p todos,POSITIVA
"no más miedo, sígueme y te sigo, hagamos posible el cambio este 29 de mayo. saldremos masivamente a votar presidente, vicepresidenta.",NEUTRAL
ahora si expliquen pues... o van a decir que no fueron ustedes?? que no son sus nombres y que esto es planeado por federico gutiérrez.... expliquen pues!!!,NEUTRAL
y usted pretende quitárnosla a todos los colombianos .,NEGATIVA
señor molano ¿quien cuenta con la fuerza pública? ¿nosotros los ciudadanos o ellos?,NEUTRAL
porque tienen afinidad,POSITIVA
ón llevo varios días preguntando cuál es la propuesta de seguridad frente a amenaza terrorista de guerrillas y paras a . ninguno respondió pero eso sí se acusan de todo disparate.,NEGATIVA
"ya terminé el en vivo... aquí lo pueden ver, sus comentarios serán bienvenidos y ojalá lo compartan!!!",NEUTRAL
el hampon,NEGATIVA
el cartel de narcoterroristas de la izquierda siniestra.,NEGATIVA
"lo d el expresidente uribe, es un 'entrampamiento'd senador d l farc, en algún momento saldra l verdad,en cambio usted exguerrillero será hasta el final d sus dias, nunca podrá cambiar esa imagen grotesca d ese ser malvado q lleva por dentro!!!",NEGATIVA
ciénaga/magdalena esta más que comprometido con el cambio y la política de la vida.,POSITIVA
acrostico de petro pobreza expropiación tirania ruina oscuridad,NEGATIVA
hasta tienen dos pensiones..,NEUTRAL
hay que prepararse.,NEUTRAL
se peude seguir,NEUTRAL
jajjajajajja,NEUTRAL
la primera ves que sale el cartel de los sapos todos completos,NEGATIVA
"oiga 'aureliano' por favor saqueme de una duda usted fue indultado, si o no? este documento es verdadero o falso?",NEUTRAL
ya va a nacionalizar los elementos reciclados volverlos monopolio del estado llamándolos estratégicos y así dañar el libre mercado de los mismos.,NEGATIVA
gran caravana en cali la sucursal de la resistencia,NEUTRAL
eres un amor,POSITIVA
siga así...,NEUTRAL
"la luna está muy hermosa , amó cuesta la luna en está noche amo la luna mayo 7 2022 á",POSITIVA
papu tenés la coherencia en el culo..,NEGATIVA
"grave,cada vez sera peor que ella participe en ésto,ella participa en otras cosas.muy mal que ella tenga casi que un conflicto de intereses y no se vea impedida.y simbolicamente es muy revictimizante para las miles de mujeres que han sido agredidas en partidos o movimientos.",NEGATIVA
"que hp es que no tiene derecho a usar marca de zapatos? ,la envidia es mejor ,despertarla que sentirla",NEGATIVA
¡haremos historia! cambio por la vida,POSITIVA
arnulfo padilla ¡haremos historia!,NEUTRAL
"urgente sobre financiación campaña de podría haber acuerdo bilateral usa y colombia que permitiría rebaja de pena a exgeneral hugo carvajal, exjefe de inteligencia militar de venezuela, quien ofreció a colombia hablar también sobre secretos de estado.",NEUTRAL
muy bien por ti.nada se va a perder,POSITIVA
petro presidente. valiente mi pueblo. no pasaran la mafia del poder,POSITIVA
"una foto sin el candidato y la otra con el candidato, si la toma hoy va a estar más solo!!!",NEUTRAL
"fuerza fortaleza y dignidad es lo que ud nos enseña con ese talante y actitud, con la bendición de dios y protección divina",POSITIVA
yo creo que esta gente se ríe de lo qué dice como hacen por favor,NEUTRAL
y sigues recibiendo bono devolución gobierno como petro salario mínimo de congresista,NEUTRAL
"un ignorante como yo, le puede dar clases de historia, ciencia economía y política. ¿por que? porque me he dedicado a estudiar la historia de mi país y de latinoamérica y como fuimos colonizados con barbaries y sometiendo a nuestras razas a costumbres y culturas europeas.",NEUTRAL
"don fico lo veo mal,lo veo nervioso,preocupado y culpando a petro de su derrota ...para que carajo va petro a infiltrar su campaña?sea buen demócrata y no saque falsos cantinflescos que no le quedan para nada bien..petro y francia pres",NEGATIVA
"es decir que al uribismo no le sirvió la retórica de que nos iba a volver venezuela y ahora nos quieren vender la idea que lidera el clan del golfo, alias chiquito malo y los uribeños se pasan de calidad o creen a la gente tonta.",NEGATIVA
mande ubicación de una vez,NEUTRAL
digan lo que diga de mis votos están fijado en ideales del presidente petro,NEUTRAL
no se preocupe que a todos los amenazan.,NEGATIVA
se le olvidó la hora!!! puede ser empezando o ya terminado el evento.,NEUTRAL
ok linda ya te estoy suguiendo,NEUTRAL
más comprensión de lectura ¿dije que usted es uribista? una comparación no es una afirmación.,NEUTRAL
"¡haremos historia! esta es la campaña del amor, de la vida y la esperanza  este 29 de mayo unidos vamos a elegir el cambio por la vida de la mano con y",POSITIVA
"pero serían muy brutos los narcotraficantes de la cordillera querer asesinar al único candidato que les ha ofrecido perdón y olvido, además ud sabe muy bien que los criminales no avisan, o acaso uds le avisaron a josé raquel mercado o a los magistrados del pj ?",NEGATIVA
"¿señor en dónde dice que no opine? como todo uribista, todo lo distorcionan ¡qué hijueputa es usted!",NEGATIVA
!!!ayúdenme a retwittear!!! sígueme y te sigo  colombia nos necesita presidente nuestra vice  oriente antioqueño presente,NEUTRAL
"asamblea del colectivo sumando a la campaña de y , la campaña no para.",POSITIVA
siga creyendo que bueno que piensen eso para que la caída sea más fuerte bufón!,NEGATIVA
ese el cambio querían y por aquí en colombia tambien .,NEUTRAL
tu capacidad argumentativa desborda conocimiento.,POSITIVA
señor petro ud sabe bastante de chatarra,NEGATIVA
entonces bro vota por que esperas la tienes fácil. antes porque todos eran lo mismo ahora tenemos alternativa de cambio con garantía 100% pueblo y apoyo social y barrial como debe ser. maní en tus manos está el futuro y presente de tu país vota petro presidente,POSITIVA
"estos amigos míos se han tomado el trabajo enserio como debe ser, olaya vota petro presidente. ni pagando 50k por personas logran superar las 100 personas en una marcha o una plaza pública. el 14 de mayo en cartagena ya verán.",POSITIVA
en realidad ellos han estado a favor del movimiento saturando los hashtags del uribismo que emite falsas tendencias. han controlado eso durante las épocas de paros y disputas entre el pueblo y el país,POSITIVA
el sueño anhelado. de muchos bienvenidos al cambio. con,POSITIVA
del río lo confesó y el loco candidato lo niega . mucho sinvergüenza,NEGATIVA
"y no olvidar que una estructura criminal en donde también hay chiquitos malos y grandes malos, quieren matar a . aquí todo se olvida. todos esos chiquitos son malos, malos.",NEGATIVA
"el día que se una a no vuelvo a creer en política.petro cambio al todo vale, petro ya no es el cambio.",NEGATIVA
"una abogada afrodescendiente, será la nueva vicepresidenta y nuestro presidente.",NEUTRAL
¿cómo me comprueba que es a la misma hora?.,NEUTRAL
le manda saludos a la comunidad de de colombia. le aseguro que muchas personas de esta comunidad tenemos capacidad de voto y estamos con usted y francia,NEUTRAL
"el clorhídrico de cocina sintético no está muy lejos,tecnología quimica acabará círculo vicioso x poder narcotraficante,creando gestal para farmacodependientes como son los opiaceos,anfetaminas, drogas de diseño. consumo no se acabará,violencia se aplicará.",NEGATIVA
"claro no habrá comida para nadie, sencillo.",NEGATIVA
hola alias el cacas .,NEUTRAL
mentir se les hizo práctica recurrente en la campaña de .,NEGATIVA
se llegó la hora del gobierno popular hoy en cali decimos,NEUTRAL
amigo buenas noches desde las tierras del sinú. acá sitiados por el paro armando. arrollador en valledupar!!,NEUTRAL
presidente de colombia,NEUTRAL
"no soy ni bot, ni títere, ni es mi mesías. lo critico cuando la caga sí y cuando la caga no. yo no soy tan estúpido como usted como para estar completamente seguro de que un ser humano como yo no va a cometer cargadas. ahí estaré para criticarlo. oís payasín",NEGATIVA
muy claro,POSITIVA
que susto tan,NEGATIVA
ahí le mandan a decir clarito los que usted significa pa nosotros,NEUTRAL
la verdad confieso que me siento tan útil y feliz por estar dedicando gran parte de mi tiempo a esta campaña. una golondrina no hace verano pero muchas sí.gracias al senador y al equipo de por estar oportunidad. firmes con &amp;,POSITIVA
mejor votar por uds uds son inigualables ¿cómo les quedó el ojo con el fallo de la corte?,POSITIVA
señor y esta es mi bandera así de esa dólar no al revés respete los símbolos patrios al menos.,NEUTRAL
se llamaba el idema....volverá este exitoso y justo modelo de mercadeo social...?!?*,POSITIVA
"el,q nos quiere robar nuestra libertad y democracia es ud.malparido asesino junto con su caterva d criminales del",NEGATIVA
se nota el cambio de horario en las fotos,NEUTRAL
"se limpia el culo con las promesas de él, calculen lo serio que es para cumplir.",NEGATIVA
"¿q es el perdón social?yo di el perdón social al estado por las múltiples atrocidades, donde mi familia materna fue desplazada en la guerra q se generó entre liberales y conservadores, eso no quiere decir q la justicia no ejerza su función, eso va para guerrillas y paramilitares",NEUTRAL
"si queremos votar por gustavo petro presidente y francia márquez vicepresidente, pero los líderes del pacto histórico el la guajira, se hacen los rogados, y nisiquiera se acercan ni hablan con las bases.",NEGATIVA
"incluida, patricia linares de la jep.",NEUTRAL
recuerden bien que esta e grupo de narco paramilitares ha amenazado abiertamente a y varios líderes progresistas.,NEGATIVA
"ni el calor, ni el sol, ni la hora, fue impedimento para ver a",NEUTRAL
los amo . vamos por el cambio y es la hora el comienzo de empezar una mejor colombia . estoy con ustedes . aquí está en un barrio uribista con una mujer de tendencia liberal y mamerta que quiere un mejor país .,POSITIVA
en serio? y usted solito se inventó esa? ufff que maestro de la mentira estas hecho.,NEGATIVA
juegan con el hambre y la necesidad de los incautos y después les roban la comida.,NEGATIVA
"jajaja foto tomada horas antes del evento. mi hermano estuvo allá por el y estaba llena. por demás una foto desde la tarima, la otra desde atrás antes de iniciar. comprendes capullo?",NEUTRAL
lo dice un fiscal corrupto,NEGATIVA
toda una vida amando a colombia con amor del bueno!!! por eso la historia le permitirá ser presidente,POSITIVA
"eso duele ,estresa y tumba pelo",NEGATIVA
"upa, upa, voy a votar por perdon cierto que",NEUTRAL
no te creo..,NEGATIVA
alguna prepago uribestia,NEGATIVA
"yo pienso igual en cuanto a conocimiento en matemáticas, y más en uno que tenga dizque doctorado en lógica. el modus ponens dice p-&gt;q"" si se da ""p"" se sigue ""q"". parece que al doctor en lógica se le olvidó aplicarlo en campaña. a ti te noto resentida, ve y cuenta hasta 10""",NEGATIVA
"gran encuentro entre la senadora y quien aspira a la presidencia de , . es el y la , con los ñía - , y el resto de todas las especies de .",POSITIVA
"leí el plan de gobierno de y la verdad, me gustó.votaré por ellos el 29 de mayo.",POSITIVA
"gran encuentro entre la senadora y quien aspira a la presidencia de , . es el y la , con los ñía - , y el resto de todas las especies de .",POSITIVA
"hola, imaginen que 1.000.000 de progresistas nos siguiéramos en twitter entre sí, ese millón de cuentas escuchariamos tu voz presidente no dejes de seguir a todos1.dale like 2. dale 3. sígueme y te sigo sigue",NEUTRAL
te sigo,NEUTRAL
te sigo,NEUTRAL
esto la llena de esperanza???? un futuro desesperanzador para colombia.,NEGATIVA
desde las montañas cafeteras del sur occidente colombiano de corazón apoyo.,POSITIVA
"al parecer solo trina por trinar; dígame una cosa, el alcalde de medellín fue destituido, inhabilitado? antes de postear algo es mejor informarse bien. le dejo ese consejo ..!!",NEGATIVA
tú tuit no dice,NEUTRAL
"fuente wikipedia. qué fue lo ilegal, dónde está? ilustrame, pero sin copiar y pegar del libreto que están utilizando. golpe de estado",NEGATIVA
"a los alcaldes se les hace revocatoria más no golpes de estado. y daniel quintero ya la tenía lista, pero algo pasó en el . en la picota ya aceptaron a uno y los candidatos asesinados en colombia, solo dos peleaban contra los traquetos. no mandaban razones a la cárcel",NEGATIVA
"no desvíe el argumento del trino inicial, el señor fajardo resaltó algo en lo que él no tiene nada que ver, queriendo ganar adeptos con supuestos apoyos que no ha hecho, usted nombra a petro cuando él no ha mencionado ese evento para buscar que lo apoyen más. no defienda atacando",NEGATIVA
"los medellinenses, fuera quintero de la alcaldia, la procuradora se pronunció",NEGATIVA
"lo qué no cuadra es el mismo cuento chimbo de relacionar a petro con pablo escobar, por el m-19 y el palacio. si hay alguien relacionado con escobar es uribe, incluso eran primos lejanos.",NEGATIVA
desde el ó- quibdó la gente de los territorios se unen al petro presidente! ¿usted desde dónde se une?,NEUTRAL
"cosas cómo estás la llenan de emoción???? a nosotros nos llenan de pánico, el crimen organizado y las mafias se tomarán a colombia en un eventual gobierno de su mesías.",NEGATIVA
"yo también lo estoy diciendo, uribe y el uribismo, creen que le hicieron un daño a quintero. están equivocados, más bien lo premiaron; promocionando su candidatura como presidente. 2026-2030. quintero calle, presidente, el cambio en primera. con fe manda dios.",NEGATIVA
con los microfinos de notiparaco,NEGATIVA
ignorante.,NEGATIVA
nop.el estaba violando la ley.,NEGATIVA
"estoy igual de ... osea en q andaban, jajajajja q creen q eran los filántropos de la nación y el mundo enterohabrase visto tanta ignorancia...",NEGATIVA
el hampon quiere aliarse con paras,NEGATIVA
el futuro gbno de la vida e inclusión.,POSITIVA
"si realmente quiere ser buen ciudadano como posa, ejerza su obligación de denunciar, averigüe cuántas veces ha faltado y denúncielo, eso es fácil comprobarlo con las actas, sino lo hace queda como cómplice y si no es cierto, queda como chismoso.",NEGATIVA
"en lugar de dejar la inquietud y si realmente quiere ser buen ciudadano como posa, ejerza su obligación de denunciar, averigüe cuántas veces ha faltado y denúncielo, eso es fácil comprobarlo con las actas, sino lo hace queda como cómplice y si no es cierto, queda como chismoso.",NEGATIVA
cual es su candidato?,NEUTRAL
"llevas tiempo pidiendo pistatodo empezó con el progresismo que adoptaste, mejoró con el petrismo que te adoptó, vas bien por ese camino de animalización. te gradúas este 29 de mayo votando por",NEGATIVA
"venezuela el paraíso socialista de sin uribismo te espera, salvate.",NEUTRAL
lo dije.,NEUTRAL
esto es lo q representa para colombia:*hambre*miseria*enfermedad*destrucción*muerte*comunismo*tiranía*expropiación*saqueo institucional*impunidad para criminales*destrucción del sistema de salud*empoderamiento del narcotráfico*mas asesinos con curules,NEGATIVA
los 62 y el abuso ya le están pasando cuenta a,NEGATIVA
"por acá con mi abrazo ancestral , te puedo decir que te la volé, solo que en parapente, y lo bueno es que te la devuelvo sana y salva.",POSITIVA
que te responda . yo? yo no estoy en eso,NEUTRAL
"tu jefe de debate en medellín , por no participar en política ? ja ja.",NEUTRAL
"recuerde q el futuro pdte le dijo: q el no sobraba, pero q ojalá p su gbno llegara mejor preparado, pq dejara de estar gritando sandeces.",NEGATIVA
hay que dar las gracias a y a la primera linea.,NEUTRAL
"el hombre mas honesto, trabajador, recto, digno, justo es mi papá, precisamente él me enseñó todo eso mas la admiración por asi que señor no rebusne pendejadas que no sabe!! aca el unico ser fracasado es usted. un ignorante con plata.",NEGATIVA
¡vamos por el cambio de la vida!.,POSITIVA
ahora díganlo sin llorar.,NEGATIVA
lo ve usted a petro o incluso al mismo fico sacando pecho por un grupo de personas a las que en el pasado dio la espalda??? si petro dio o no es irrelevante en este momento porque no anda de sapo sacando pecho ni felicitando a quien dejó atrás.,NEGATIVA
nunca lo imaginamos. tan correctos que son.ja.,POSITIVA
gracias totales,NEUTRAL
"insisto, el del trino es fajardo y meten a petro en esto. por qué no cuestionan el accionar del candidato del partido verde a través de su oportunismo? hombre, no es tan difícil",NEGATIVA
que el alcalde de ibagué le manda a decir que si no lo va a defender a él también?,NEUTRAL
"petrista que me siga, le sigo. no nos conocemos pero nos necesitamoshagamos crecer la tendencia sigámonos demos rt,  o comentar sigamos a los que den rt comentarios",NEUTRAL
"a mi qué me importa eso? es más, si petro hubiera salido con las mismas mi discurso no cambia. dejen de sobar bolas por gente que no ha hecho ni mierda por esta comunidad!",NEGATIVA
"ese 19% es el que vota a última hora, debido a que le dan una motivación",NEUTRAL
pague las chivas desde bogotá entonces porque aquí en medellín complicada la cosa,NEUTRAL
osino para que hacen votaciones de alcalde,NEUTRAL
si- la pobreza afecta el desarrollo cognitivo - los pobres están en aumento. - inflación mayor para los pobres¿cuál será la propuesta concreta para cambiar estas cifras en beneficio de los pobres de colombia?,NEGATIVA
"el culebro casanova"" desde el más allá le dice al ""bobo hijueputa""...""",NEGATIVA
"el culebro casanova"" desde el más allá le dice al ""bobo hijueputa""...""",NEGATIVA
"el paraíso con el que sueñan los vándalos, es sólo miseria dónde en la última protesta detuvieron a 130 jóvenes menores de 16 años y fueron condenados a más de veinte años cada uno.",NEGATIVA
pero no hay participación en política! qué tal los caraduras?,NEGATIVA
acompañaremos al ex alcalde quintero a la puerta de salida,NEUTRAL
es hora de investigar y revisar todos los contratos de y su compañero de picardías con y . regresarlos a casa pronto.,NEGATIVA
"y la lucha por defender la democracia"" del alcalde de ibagué, qué? esa no les importa, cierto? cómo la participación de él en política fue a favor de otro candidato no te sirve, cierto?""",NEUTRAL
"felices por tantos que no son queridos, gracias: mayer y marcel.",POSITIVA
ahora dígalo sin llorar.,NEGATIVA
"paramilitares a la cárcel por 10 años o extraditados, (están llegando a la cárcel), asesinos de farc con curules gratis, auxilios, impunidad, no extradicion, no contaron verdad ni repararon víctimas, no hubo secuestros, ni abuso de menores ni desaparrcidos, no pagarán cárcel,",NEGATIVA
ud que aporto?,NEUTRAL
se va a quedar sin poder lagartear contratos por cuadrar reuniones.cinica descarada,NEGATIVA
clarisimo hermano...no es más que digas qhay qué hacer!!!tusórdenes serán mandatos...caballeraso...empeza pues...!!!???ja!,NEUTRAL
no te burles de la autoridad que se respeta!!. la nueva carta define de manera inequívoca el nuevo carácter del ministerio público para ejercer la función de control sobre la conducta de todos los servidores públicos incluidos los de elección popular.,NEUTRAL
"quieren tapar la verdad, usted no es sincero y sabe de que le está haciendo campaña, así quieren gobernar el país ? con mentiras",NEGATIVA
"jajajajaaja, bien dicho",POSITIVA
y a casi...,NEUTRAL
"a le digo que voy a votar por y mi papi estaba orgulloso de mi solo por el hecho de ser su hija, de mi forma de ser y pensar, orgulloso de mi trabajo, y yo de él. así que mejor no se meta en la vida personal de las personas",POSITIVA
"es falsa la cuenta, señora. investigue, sea racional.",NEGATIVA
"la gobernación no es de silvano solamente detrás de el esta william villamizar por favor ayúdanos con los clanes de este norte de santander en los cuales siempre ha estado el señor bautista, no te olvides de este departamento tan robado!",NEGATIVA
otra que se le volteo a la coalición. se arriman a quien piensan va a ser elegido. ¿que sentirán?,NEUTRAL
"no mucholos índices de libertad económica no dicen que sean progresistas, que tengan impuestos progresivos y culturas progresistas es diferente. progresismo es inversamente proporcional a libertad económica y directamente proporcional a control estatal.",NEUTRAL
jajajajaja,NEUTRAL
en la gobernación esta presionando a las asociaciones de mujeres y de abuelos para que asistan a la plaza en la venida de fico además tienen q votar por el,NEUTRAL
venceremos ánimo esa decisión se cae por qué se cae.,POSITIVA
le cambiamos a castaño para que reviva a jaime garzón. ese si que con gusto votaría por,NEUTRAL
"no entiendo como no se ha tomado este país. según los uribistas: lo apoyan las farc, el eln, carlos castaño, pablo escobar, otoniel, el cdg, los power rangers, el chapulin, burbuja, bellota, fidel castro, chavez y hasta el mismo mr. satan y goku.",NEUTRAL
ing y no ha pensado tomarse un café con ? las encuestas no le favorecen,NEUTRAL
"muy bueno eso, excelente.",POSITIVA
"deje de generar desinformación desde una cuenta falsa, baboso. , parcero, te tienen una cuenta fake.",NEGATIVA
"jajajajjasi tuvieron q llenar eso pagando, obligando a los de la misma alcaldía a bajar y con rolos y caleños son patéticos!",NEGATIVA
y después son tan descarados y dicen que el payaso de pinturita no estaba haciendo campaña,NEGATIVA
nuestro trabajo alrededor de la pintada del muro en el barrio ¡ divina pastora en úcuta,NEUTRAL
todo el sistema electoral en colombia es corrupto !!de allí la celebración de zapatero con la gerga de izquierda cómplices y condescendientes del indeseable !,NEGATIVA
una propuesta populista es mejorar al 100 la educación de este país?,NEGATIVA
y quien va a liderar la negociación. isabel zuleta????,NEUTRAL
petro presidente de colombia  en primera vuelta presidencial y francia márquez vicepresidenta,NEUTRAL
"nos la estamos jugando toda por la vida, porque queremos",POSITIVA
que bien por los liberales que se cansaron del pésimo gobierno matarife chancho,NEGATIVA
"así de claro consideran que el cambio es , hasta para este tibio fajardista camuflado en periodista .",NEGATIVA
tranquilo ...que va por buen camino ...usted será parte del cambio del país junto al ...un paisa de los buenos ...unirse al gobierno de y será un aprendizaje y un apoyo para ser el sucesor en la presidencia...,POSITIVA
de ahira en adelante a,NEUTRAL
el trío los insoportables,NEGATIVA
"así es y ahora terminaron de impulsar a y al mismo tiempo lanzaron su candidatura con esa persecución, que grande es , el mejor jefe de campaña que la ha tenido",POSITIVA
"ya estoy mentalizado que lastimosamente para el país ha agarrado mucho incauto, los que en un año se estarán lamentando de su decisión.",NEGATIVA
vamos mi gente linda con toda enprimerado,POSITIVA
te propongo un pacto rompamos las maquinarias y apoyemos a rodolfo tu no te imaginas la popularidad que tiene y si no pasa segunda vuelta yo voto por petro,POSITIVA
y porque no suspenden a duque y al de barranquilla,NEGATIVA
si le volaron la elecciones como una aspirada en un bar en la zona t... entiende...,NEGATIVA
el presidente de la gente .....óndiputado,NEUTRAL
"tengo a más de 230 personas por trabajadores, amigos, familiares y mucho conocido multiplicable nos toca o colombia se autodestruye en manos de los criminales de lesa humanidad vamos avanzando songó soróngo pero fijos.",NEGATIVA
"excelente tweet teniendo en cuenta que valoro la calidad de candidato que es el dr gómez, pero en este momento debemos velar por la democracia junto al candidato que puede derrotar al asqueroso guerrillero",NEGATIVA
que se jodan,NEGATIVA
estás peleas de y le suman votos a,NEUTRAL
"unidos quienes, si ya tiene a todos los clanes políticos de colombia unidos contra la base de la pirámide que reclama oportunidades sociales y egan su opinión es respetable, pero me pregunto su voto es de opinión o es de detrás de algún interés en particular.",NEUTRAL
fico nuestro próximo presidente de colombia ganaremos sobrados fico presidente,POSITIVA
estas muy aburridor pues!!,NEGATIVA
está cagado con el ascenso de rodolfo.,NEGATIVA
entrevista de con véala completa.,NEUTRAL
"lastima desconocer la realidad de mi país.haciendo campaña como los uribestias jajajja.hácerla con con argumentos.con propuesta, pero de esa forma.tu eres un hombre inteligente vamos, tu puede.",NEGATIVA
ya basta,NEGATIVA
jaja enserio coma mucha porqueria paso de simplemente votar a hacer campaña solo por qué se la montaron este mensaje lo que deja más que claro es que por las popular que sea sigue siendo ignorante y nada realista de el país,NEGATIVA
independiente jajajajajajajajajajajajajajajajajajajajajajajajajajajajajajajajajajajaja,NEUTRAL
santander ...esta con fico....lo demás ed paja...,NEUTRAL
esto ya se había visto...,NEUTRAL
amén,NEUTRAL
con esta portada esperan atraer a los electores,NEUTRAL
"fico no es el candidato de ellos , es el guerrillero",NEGATIVA
"funcionarios de la alcaldía local de san cristóbal y el alcalde local juan carlos triana hizo retirar a jóvenes que estaban afuera del parque, en espacio público apoyando a . no estaban haciendo nada malo. sin embargo, como se muestra en el vídeo,fueron reprimidos",NEGATIVA
"definitivamente en los debates y respuestas dadas por don fico ,demuestra que no está preparado para ser presidente,fue alcalde de medellín y no conoce la ciudad de medellín...es folclórico y sería un caos peor que lo hecho por el gob de duque...",NEGATIVA
"encomendándole al señor de los milagros de buga, a colombia a y",NEUTRAL
yoooooooy toda mi familia ....,NEUTRAL
yo no tengo tantos seguidores pero ayúdeme a compartir a este sinvergüenza del hijo de anticorrupción miren al independiente con otro independiente y la tonta de cayó redondita,NEGATIVA
"siiiiii, como asiii, siga asiiiii, jajajaja",NEUTRAL
es dr no va pasar a segunda vuelta ña,NEUTRAL
"esas relaciones de causalidad planteadas por una politóloga de , dejan muy mal parada a la institución. esto lo digo porque: 1) la ignorancia es real y se cree lo que escribe, o 2) es una ignorancia con causa (es consciente de ello) y su fin influir negativamente.",NEUTRAL
estas son las verdaderas encuestas.....fico ...presidente.......,POSITIVA
lo mejor que tienes son todos los clanes y marcos paramilitares y cualquier cantidad de corruptos por eso solo su madrecita cree en ti,NEGATIVA
"guerrilero fue, guerrillero es y guerrillero seguirá!!",NEGATIVA
"una cosa es lo que usted piensa y otra cosa es decir que los que votamos por queremos seguir iguales ,pues no mijito, nosotros queremos mejorar el país.",POSITIVA
. . si no hacen algo le robaran las votaciones sobre todo a los.minoritarios les transladaran los votos a petro y hernandez convoque a un planton en la procuraduria,NEUTRAL
o a defender la democracia maestro con voto útil por ganaremos en primera vuelta e impediremos que regrese al senado.,POSITIVA
"pobrecito, el desconocimiento lo lleva a repetir lo que su patrón opina con envidia y odio, de los que estan hechos",NEGATIVA
a le preocupa preservar y cuidar los recursos y reivindicar los derechos de los pescadores. una de las varias razones para apoyarlo. te extiendo una cordial invitación para que lo apoyes este 29 de mayo. én,POSITIVA
"que vengan ala alta y media guajira como tienen a los venezolanos y colombianos, el efecto en la economía de frontera la pobreza por culpa de maduro y lo que hacen los políticos corruptos en un departamentos que tiene mucho potencial",NEGATIVA
"queda una semana para que el cambio no sea de país, unamos todos para que sea nuestro presidente y cómo lo dice él, sin odios, todos trabajando por un solo propósito, sacar a nuestra patria adelante!!",POSITIVA
ganaremos en primera porque o y con voto útil por ganaremos en primera vuelta e impediremos que regrese al senado.,POSITIVA
pero no vaya a aburrir a la gente a los 10 minutos,NEGATIVA
y le ganará en primera vuelta porque o y con voto útil por ganaremos en primera vuelta e impediremos que regrese al senado.,POSITIVA
todos unidos para q salvemos a colombia y prepararnos para recuperar a bogotá de las garras de la corrupción y formar un concejo contra la bogotá salvaje con la iniciativa del concejal colmenares,POSITIVA
se convirtió en un gregario de,NEUTRAL
"y esa concentración en barranquilla, fue pagada por el clan chat, eso no garantiza que le ven a votar la gente que va a esos lugares primero no trabaja y si les pagan van, no lo hacen expontaneamente, son personas llevadas de otros municipios, y por el refresco,",NEUTRAL
como la ve: .....,NEUTRAL
juajuajuajua....hasta el mismo petro reconoce la victoria de ... mire esto:,NEUTRAL
esto es lo que defiendes.,NEUTRAL
"petro es miseria, hambre, pobreza absoluta, injusticia, guerra, odio de clases, resentimiento...ahi no hay nada bueno.buen mensaje estimado huguito.",NEGATIVA
saludes de la gente a orillas del rio cauca que hoy esperan el cumplimiento de la promesa d eun puente iniciado en su gobernación y mas de 6 años no han acabado,NEUTRAL
"colombia despertó chao narcotraficantes del estado gracias doctor ñeñe hernández,doctor memo fantasma hermano de marta lucía ramírez y demás clanes.",NEGATIVA
"destaparon la ñaladauribistazuluaga descabezado x fico, fico descabezado x rodolfo y rodolfo curtido con ingridlamentable la deslealtad del centro democrático con lo dejaron sólo y en el peor momento!",NEGATIVA
¡mañana ! todos a acompañar a nuestro próximo de,NEUTRAL
"destaparon el grupo uribista y a les clavaron el puñal.zuluaga descabezado x fico, fico descabezado x rodolfo y rodolfo curtido con ingridlamentable la deslealtad del centro democrático con lo dejaron sólo y en el peor momento!",NEGATIVA
fico presidente. es el más preparado de todos.,POSITIVA
"esto si es multitudinario, esto si es real y sin pagar un solo centavo !!!y preciso en la tierra del alias fico !!!petro presidente en primera !!!",POSITIVA
las 3.000.000 de firmas de álex char!,NEUTRAL
"por mi familia, por mi empresa, por mi futuro...... yo me con el presidente de la gente.",NEUTRAL
y canta conmigo yo me identifico. por la libertad religiosa y la defensa de la democracia de nuestra amada nación.,POSITIVA
"si mire, como le fue a petro en medellín.que hjpta tan bruto, métase su pronóstico qlo arriba.cual de esos que usted nombra llena plazas así y gratis, sin pagarle a nadie !!!",NEGATIVA
que ñero...pena ser un candidato a la presidencia.,NEGATIVA
ay tenés a los que tienen llevado este pueblo comiendo,NEUTRAL
imparable con,POSITIVA
"según la última encuesta de guarumo pierde puntos, y suben",NEUTRAL
"si señora. cambio y fuera petro, el pueblo no es tarado, es mas inteligente de lo que creen y con voto útil por ganaremos en primera vuelta e impediremos que regrese al senado.",POSITIVA
en el edificio donde vivo es pequeño4 por 12. x . 1 por el celador por,NEUTRAL
jajajajjajajja ¿no les ha alcanzado el tiempo para eso? ¿necesitan cuánto tipo en el poder para lograrlo? ¿quizás toda una vida? ¡dictadores!,NEGATIVA
"claro que si. seguiremos viviendo sabroso, el pueblo no es tarado, es mas inteligente de lo que creen, y con voto útil por ganaremos en primera vuelta e impediremos que regrese al senado.",POSITIVA
operación jaque colombia,NEUTRAL
o y con voto útil por ganaremos en primera vuelta e impediremos que regrese al senado.,POSITIVA
esto es un peligro o con voto útil por ganaremos en primera vuelta e impediremos que regrese al senado.,POSITIVA
"uyyy que acertado , petro puede que haya dejado las armas, pero no desarmo su espíritu, es muy peligroso para un país un presidente lleno de odio.",NEGATIVA
"fico, vamos a demostrar que si se puede.. somos país",POSITIVA
el carisma no se consigue en las tiendas.,NEUTRAL
"oigan recuerden pues que ahorita a las 3 pm se identifica urabá con el presidente de la gente en caravana! , hágale pues que nos vemos en la estación del sena!manillas es lo que tengo para regalarles! vamos a ganar!",POSITIVA
"udes destruyeron el país sin llegar al poder, el pueblo colombiano no es tarado, es mas inteligente de lo que creen, y con voto útil por ganaremos en e impediremos que regrese al senado",POSITIVA
"aquí debemos apoyar a hasta el final, nada de nervios.. el 29 debemos salir a votar masivamente para que sepan y entiendan que nosotros ponemos presidente!",NEUTRAL
este es el cambio!daniel se queda...en la calle,NEUTRAL
"ignorante no es uribista,",NEGATIVA
jajajajaja donde? tus seguidores se te voltearon jajajaja,NEUTRAL
"claro que cambiaremos la historia, o cree que el pueblo clmbiano es tarado? es más inteligente de lo que usted cree o con voto útil por sen primera vuelta e impediremos que regrese al senado.",POSITIVA
ya la vi y el hombre es muy claro en lo que dice,POSITIVA
"siga soñando que el pueblo colombiano es tarado, es mas inteligente de lo que creen, y con voto útil por ganaremos en primera vuelta e impediremos que regrese al senado",POSITIVA
este personajillo encarna a los camaleones,NEUTRAL
y con voto útil por ganaremos en primera vuelta e impediremos que regrese al senado.,POSITIVA
"por sentido comun y por la defenda de la democracia, con voto útil por ganaremos en primera vuelta e impediremos que regrese al senado.",POSITIVA
solo le digo una cosa y que le quede bien claro...,NEUTRAL
"no entiendo porque se mete con , el man no se mete con usted.falta de respeto de usted.no sea otro uribestia.se está con el señor haga campaña con propuesta y argumentos.",NEGATIVA
con la izq. y con la der,NEGATIVA
por patriotismo y con voto útil por ganaremos en primera vuelta e impediremos que regrese al senado.,POSITIVA
con voto útil por ganaremos en primera vuelta e impediremos que regrese al senado.,POSITIVA
"jejejeje jejejeje jejejeje muy charro que hablen de unión cuando el discurso ha sido de afrentas.que hablen de democracia cuando han sido un partido de jugaditas""""",NEGATIVA
medio noticiero para el señor señores raro en ustedes,NEUTRAL
horrible es que crecer en un santiamén.,NEGATIVA
a sumercé en su burbuja le parecen poquitos cierto?,NEUTRAL
"jajajajaja, muy dolido porque le fije la verdad del cacas. jajajajaja prefiero ser paraco que un gamin como usd que espera que kingkong y el cacas lo mantengan.",NEGATIVA
"hablándole a la corruptela, se unen o se joden.",NEGATIVA
el viejo como que le va a expropiar la selección a la federación,NEUTRAL
las presentadoras de en emisión hoy 12:30 pmperiodista que cuestionamiento hizo anoche en medellín ?? periodista que dijo anoche en barranquilla?? ahora entienden lo que está mal en el periodismo en nuestro país,NEGATIVA
dios mío. que nivel de cinismo y de premio nobel. y por ahí tenemos uno encantador de ... el que lo entendió lo entendió. presidente.,NEGATIVA
"estuve allí, y participe y muchos amigos y nadie nos ofreció nada, y muchisisima la gente. nosotros no somos como los petristas que les llevan desde buses tamal y dinero",NEUTRAL
"¿esas no son ya las propuestas castrochavistas, neocomunistas que le critican a petro? jajaja",NEUTRAL
ala presidencia.lo demás es comunismo.,NEUTRAL
la gente apoya a recorriendo y conversando se encuentra uno gente con la que me identifico,POSITIVA
así o más claro fico presidente.,POSITIVA
presidente!!! ís,NEUTRAL
marleny se identifica con la tiene muy clara! asi seguimos construyendo y uniendo a colombia.vamos,POSITIVA
doctor es el presidente de la gente. el presidente de la improvisación porque su plan de gobierno es si fundamentos.,NEGATIVA
esto también jajaja uuuuuuhuu,NEUTRAL
"es verdad tenemos que reconciliarnos, que curioso que lo diga en campaña y no haya apoyado el plebiscito por la paz.",NEUTRAL
déjare esto por aquí,NEUTRAL
llevando el mensaje de conversando con la gente de la plaza minosista!,NEUTRAL
"sabemos que petro es una amenaza para las empresas, la industria, las pensiones y la salud, votemos por",NEGATIVA
que dice la gente cuando le preguntamos por,NEUTRAL
vaya a ver ya la encuesta y fíjate que ya todos están casi iguales dale rt.,NEUTRAL
con voto útil por ganaremos en primera vuelta e impediremos que regrese al senado,POSITIVA
no se desgasten hundió a fajardo. y por patriotismo y con voto útil por ganaremos en primera vuelta e impediremos que regrese al senado.,POSITIVA
"a las juventudes de izquierdas, jajaja",NEUTRAL
así son los de y los de,NEUTRAL
bienvenido,POSITIVA
adhiero. abrazos de corazón apreciado alfredo.,POSITIVA
"el viejito rodolfo salió más abeja y torcido que petro, acaba de dar tremenda millonada al influencér jeferson cossío para que con todos los youtube apoyen por redes al abuelo y hacer mala publicidad a fico",NEGATIVA
con voto útil por ganaremos en primera vuelta e impediremos que regrese al senado,POSITIVA
con voto útil por ganaremos en primera vuelta e impediremos que regrese al senado,POSITIVA
"la encuesta con más desaciertos, es la única que lo favorece.porque los colombianos no somos bobos.",NEGATIVA
ganará en primera porque con voto útil por ganaremos en primera vuelta e impediremos que regrese al senado,POSITIVA
hoy sólo hay un candidato verdaderamente antiuribista. fajardo rechazó ese epíteto.el antipetrismo puede estar (como yo en 2018) esperando para saber por quién votar en 2a. con esos candidatos no es de extrañarse.,NEUTRAL
así es.,NEUTRAL
jajaja me identifico con usted y con la tenemos clara con,POSITIVA
"total, el problema es que prueba que esas páginas falsas tienen su operador y quienes trabajan en favor de consolidar a y generando odio en contra de",NEGATIVA
igual farcjardo va a votar por cualquier menos fico en segunda vuelta.es otro que ya contaminaron....,NEGATIVA
fico presidente y en primera vuelta,NEUTRAL
"es una posibilidad real esa, de hecho en 2018 nadie reflexionó (poco lo hicieron realmente en la campaña fajardo y vea el resultado): yo sólo voté en 2a. esta vez voy con petro en 1era. puede haber una diferencia mayor esta vez de abstención entre las dos vueltas.",NEUTRAL
está caído desde cualquier punto de vista en el analisis de esta contienda presidencial.el único que le puede hacer frente a es el .,NEUTRAL
"es el único candidato como k opción de ganar, que no tiene escándalos.",POSITIVA
por aquí hay otrasaludos,NEUTRAL
"estamos de acuerdo, todos por !!!",POSITIVA
"es el candidato de álvaro uribe, representa lo peor de la continuidad de iván duque, y tienen a toda la clase politiquera tradicional apoyándolocolombia ya está unida para lograr el cambio, nos cansamos de la corrupción, del cinismo",NEGATIVA
totalmente de acuerdo porque y han dicho muy claro que van a eliminar los sueldos de retiro de los veteranos,POSITIVA
por fico ni por el putas.,NEGATIVA
"con presidente se le va a garantizar a los adultos mayores un modelo sostenible de pensiones, no se modificará la edad de jubilación y se reducirán los años de cotización. ¡propuestas claras por el futuro de colombia!",POSITIVA
jajaja. que no es el de uribe ni de duque. ¿señor usted piensa que los colombianos le creen tamaña mentira?,NEGATIVA
"ya es hora de que en colombia se empiece a dar a los terroristas encapuchados de las universidades públicas el mismo tratamiento que se da a los raponeros y atracadores en las calles. persecución y captura por parte de la ciudadanía, desenmascararlos, grabarlos y entregarlos",NEGATIVA
"compartir, conversar y socializar el apoyo a la campaña de es de alegría para los líderes miraístas de la , disfrutamos generando estrategias para el servicio a la comunidad. trabajando por el bien comun.",POSITIVA
"desde hace meses cuando empezó su ascenso en las encuestas el petrismo ha tratado de sacarle trapos al sol"" y no ha encontrado nada.""",POSITIVA
se les caen todas las mentiras,NEGATIVA
este domingo 29 de mayo/22colombia vota por,NEUTRAL
"guaro y tamal lo que le gusta al pueblo !! jajaja claro que van a ir como se van a perder un concierto gratis , ni el más despachado caleño que se respete gratis hasta un cocacho ajajjajajaa .",NEUTRAL
por la unión y la libertad yo voto por,POSITIVA
el cambio sigan cayéndose a mentiras... con solo los votos en medellín de los derrota en todo . gracias a dios los paisas son berracos y no se caen a cuentos... allá como en no nos le arrodíllamos a la izquierda,NEUTRAL
quien te dijo pedazo de basura he ignorante floja de la cola federico gutiérrez. lo que vas a ganar es un de palo por el trasero que tanto te gusta. en colombia no necesitamos otro títere como la homosexual de iván duque márquez. siga soñando despierto. jajaja jajaja,NEUTRAL
íco mi voto de confianza es por el presidente de la gente 2022 - 2026,POSITIVA
un placer haber podido compartir con usted vicepresidente el día de hoy. ántico,POSITIVA
quienes han sido los que han llevado a colombia a la pobreza?desde el 2002 está gobernando uribe,NEGATIVA
oye dígame como es para que me paguen por estar a favor de ... se te nota mucho.,NEUTRAL
presidente.,NEUTRAL
"primero ranchería, después lo demás 12 años llena y nada que se usa, ni para turismo",NEUTRAL
por esto y más mi voto es por .fuera continuismo,NEUTRAL
"el problema no es que sea 2, el problema es que él es 4",NEGATIVA
y por qué solo contra y ? esta práctica sucia beneficio a ? porque los allegados a no incluyeron a rodolfo hernández? son harina del mismo costa fico y rh pero en diferente empaque?,NEGATIVA
y sus burdos patanes! que funestos personajes!,NEGATIVA
"si señor o santos dividió el país y el pueblo colombiano no es tarado, es mas inteligente de lo que creen y con voto útil por ganaremos primera e impediremos que regrese al senado",POSITIVA
"nosotros, concentrados en elegir a :",NEUTRAL
el próximo 29 se va a derrotar la abstención y se derrota a la izquierda ortodoxa y la de caviar en primera vuelta con fico,NEGATIVA
"nosotros, concentrados en elegir a :",NEUTRAL
"el desespero del imputado y expresidiario álvaro uribe vélez parece una veleta, primero intentó con después con nombró a y ahora sopla hacia es patético ver a los medios de comunicación intentando inflar a estos corruptos.",NEGATIVA
ni a ni a ¿raro? nada raro.,NEUTRAL
jajjaja njda ¿de donde la sacaron debajo de la manga?que tal que fueran encabezando las encuestas,NEUTRAL
"dizque politóloga y no sabe la verdadera razón de la crisis venezolana, o la sabe y se hace la mk con el fin de usarla para manipular",NEGATIVA
"el desespero del imputado y expresidiario álvaro uribe vélez parece una veleta, primero intentó con después con nombró a y ahora sopla hacia es patético ver a los medios de comunicación intentando inflar a estos corruptos.",NEGATIVA
fico es el continuismo. no es el cambio.,NEGATIVA
divino gracias!! somos una gran familia en defensa de la democracia!!!,POSITIVA
este domingo 29 de mayo/22colombia vota por,NEUTRAL
este domingo 29 de mayo/22colombia vota por,NEUTRAL
este domingo 29 de mayo/22colombia vota por,NEUTRAL
este domingo 29 de mayo/22colombia vota por,NEUTRAL
este domingo 29 de mayo/22colombia vota por,NEUTRAL
"mi vida es bien, la vida de la gente de la guajira, de los campesinos, de los niños que se quedaron sin conectividad ¿eres tolerante con la corrupción? tu problema pero no podemos desconocer el atropello de este gobierno con otras personas mas unión y menos importaculismo",NEGATIVA
también le deseo las mejores para el y para todos los q te estamos apoyando fico q 9 stro padre dios los bendiga y acompañe siempre y amén ayudalos jesús y amén hermanaso 1 desde acá a la distancia,POSITIVA
tan raro ni a ni a,NEUTRAL
amen amen y amen bendiciones san pelayo estará presente,NEUTRAL
"claro como somos estúpidos, para creerles .",NEGATIVA
"si se une al , sale del escenario. pasa rodolfo a segunda vuelta. ve que se los digo.",NEUTRAL
gracias por todo lo qué haces. estas luchas hacen grandes amigos!!!,POSITIVA
cuando uno no está bien informado..... hay gente así.... que le vamos a hacer.,NEUTRAL
es evidente que habrá 2 vuelta en la que nuevamente será derrotado por el terror que su campaña está generando entre los colombianos con sus propuestas destructivas y con sus alianzas y apoyos recibidos de grupos de la delincuencia organizada,NEGATIVA
"nos unimos o nos jodemos: explota contra petro, destapa sus propuestas y dice que no es el de uribe. la entrevista: portada de la",NEUTRAL
"juan, gracias a ti por tu apoyo, ¡vamos para adelante!",POSITIVA
para usted y su q 9 stro padre dios los bendiga y acompañe siempre y amén ayudalos jesús y amén y vamos padelante con toda q 9 stro padre dios está contigo y amén hermanaso 1 desde acá a la distancia,NEUTRAL
salió mejor político que ciclista.,POSITIVA
"llévele a su casa y la pone a bailar......porq la esposa d (presidente), será la primera dama y se comportará como tal!!!!",NEUTRAL
tiene razón ya lo localizaron,NEUTRAL
hace 4 años usted parecía un perro rabioso haciéndole campaña a y mire el petardo q salió ahora usted nos sugiere hacer lo mismo con sos bien cara dura o nos crees imbéciles,NEGATIVA
guarumo.. la única que dijo que ganaría el no!!,NEUTRAL
"qué hará y en segunda vuelta con el maltrato que le están dando a ? espero que de no pasar, no le pidan votos a él ni a sus votantes!",NEGATIVA
yo presidente de la gente,NEUTRAL
en efecto! se joden la corrupción y la parapolitica!! la impunidad ! el desmedro! la ñeñepolitica! se joden!,NEGATIVA
soy orgullosamente uribista duquista zuluaguista a mucho honor ! y votó por y no me avergüenza decirlo .,POSITIVA
"siga con esa papa, después no se arrepienta.",NEGATIVA
"típico, comprobado, el ingeniero está jugando la doble con petro, no nos dejemos engañar.",NEGATIVA
¿así de mal va esa candidatura?,NEGATIVA
ni en segunda.,NEUTRAL
"¡ahora o nunca! el único candidato que puede derrotar a petro y fico en segunda vuelta. colombia está en juego. o devolvemos la página al pasado o trabajamos por escribir una nueva alrededor del respeto, la decencia y la dignidadóneselcamino",POSITIVA
entre 4 exalcaldes de grandes capitalesen su opinión cual fué mejor alcalde en su respectiva ciudad medellín bucaramanga bogotá medellín,NEUTRAL
"á  terminamos nuestro recorrido de campaña junto a con dos hermosas postales. estamos cansados del continuismo y el todo vale, por eso desde decimos á con .",NEUTRAL
¿podemos hacer algo? y demás candidatos presidenciales,NEUTRAL
excelente,POSITIVA
muy poquitos,NEUTRAL
sergio: con todo respeto a su programa faltó ser radical. los indefinidos difícil por la credibilidad.,NEGATIVA
entre 4 exalcaldes de grandes capitalesen su opinión cual fué mejor alcalde en su respectiva ciudad medellín bucaramanga bogotá medellín,NEUTRAL
entonces mejor vota por,POSITIVA
colombia decide entre 4 exalcaldes medellín bogotá bucaramanga medellín votación,NEUTRAL
no hay vuelta atrás el cambio es con y vamos a ganar en primera vuelta no hay petro.,POSITIVA
"gracias a las personas que siguen firmes apoyando esta campaña por redes sociales, sin ustedes twitter sería un lugar lleno de insultos y grosería.aquí somos diferentes",POSITIVA
seguimos en la tarea de llevar esperanza,POSITIVA
"mi voto será por , vamos con toda, no dejarse intimidar ni amedrentar, seguimos con el mejor, fuerza fajardo presidente",POSITIVA
a donde llego ------------------ presidente,NEUTRAL
"hacemos política con convicción, por eso recorremos llevando las propuestas de . desde decimos sí a la . la recepción de la gente a nuestro mensaje es el mejor.á",POSITIVA
"bulto de sal, lo que toca lo destroza, incluye al moir",NEGATIVA
soltameeee hijueputa,NEGATIVA
"en nuestras mismas calles de puedes ver la campaña de la esperanza y la del miedo. cual eliges tú? cual le conviene a colombia?nosotros elegimos la de la esperanza, porque la esperanza es con",POSITIVA
"señor profesor, usted sólito se acabó cuando se fue a ver ballenas.",NEGATIVA
. . si no hacen algo le robaran las votaciones sobre todo a los.minoritarios les transladaran los votos a petro y hernandez convoque a un planton en la procuraduria,NEGATIVA
casa llena ahora con y todo el equipo de la en medellín y antioquia. compartimos un almuerzo y un café alrededor de una conversación sobre la propuesta de y estos ocho días que nos quedan para tener,NEUTRAL
"rosalbita, mi mano derecha en la casa también está",NEUTRAL
noooo! usted tiene los resultados de serias equivocaciones. suyas y de su equipo. no le eche la culpa a que ha sido víctima del juego sucio de uribe con jjrendon! no se siga equivocando!,NEGATIVA
"votar por no será un voto perdido porque votar por la educación no es perder el voto, ni votar por la lucha real contra la corrupción, ni por un país más equitativo y justo. votar por un cambio de verdad nunca será un voto perdido.",POSITIVA
insisto el tema tuyo con leer a fondo....por qué no baja y se da cuenta que la silla vacía le pregunto a una coordinadora y resulta que ella no es.,NEUTRAL
esto es lo que defiendes.,NEUTRAL
desde palenque con la camiseta puesta para el cierre de campaña mañana con porque estamos,NEUTRAL
firmes con presidente vicepresifente,NEUTRAL
fajardo no se cansa de dividir.,NEGATIVA
"este 29 de mayo no votamos por cálculos políticos, votamos por convicción, por la propuesta de cambio y por el mejor candidato . así como , nosotros queremos",POSITIVA
sigo,NEUTRAL
"por lealtad uno no colabora para que el país siga igual, así hizo el ballenero y vea, esa fue su desgracia.no desperdicie ese voto, vote de una vez por los honestos, por el cambio, ayude a acabar la corrupción, vote petro !!!!",NEGATIVA
con el carnet presidencial,NEUTRAL
sergio me mantendré alineado a usted a berence cuente con mi voto,NEUTRAL
en el edificio donde vivo es pequeño4 por 12. x . 1 por el celador por,NEUTRAL
me encanta la gente sensata. vamos colombia por ese cambio positivo.,POSITIVA
"mismo hecho, dos formas de reaccionar diferentes. mientras se solidariza con este arremete contra él. mientras petro sabe que el uribismo es el enemigo de la democracia, fajardo señala sin fundamento. por ello el resultado de las encuestas.",NEUTRAL
"no ni estos 4 le ganan agregados"" la presidencia a fico.""",NEUTRAL
operación jaque ? más bobos nosotros. amanecerá y veremos,NEGATIVA
uy como asi que paso,NEUTRAL
tenemos las mejores propuestas para construir un mejor país.,POSITIVA
"con entusiasmo y compromiso la acompaña a durante su visita por . nada nos detiene, ni las trampas, los engaños y mucho menos las encuestas.á",POSITIVA
"ignorante no es uribista,",NEGATIVA
"petro se defendió por los dos y usted lo ataca, que miserable, por eso le ganan los indecisos y el voto en blanco. el 29 de mayo muere políticamente.",NEGATIVA
"para mi lo imperdonable de fue dejar botados a mos muchachos en las protestas de hace un año, y el diciendo en todo lado que es un profesor.",NEGATIVA
"ahí esta su talente. mientras se solidariza con usted, usted lo ataca.",NEUTRAL
"tuvimos el honor de presidir un encuentro con y los delegados de la coalición centro esperanza del oriente antioqueño. hablamos de las ideas liberales que representa el centro, y la esperanza de cambio en este 2022. todos firmes con hasta el final",POSITIVA
"sr el tiempo te castigó. antes votaste en blanco y te fuiste a ver ballenas uribistas.ahora, el voto en blanco, te está ganando indiscutiblemente.eres el más tibio de colombia.",NEGATIVA
"sospecho que la campaña de rodolfo o la de fico, pero sospecho más de la de rodolfo",NEGATIVA
y nos seguimos multiplicando.,NEUTRAL
el antiguo destruyó al pobre,NEGATIVA
"mi madre desde , tierra mayoritariamente uribista, también está firme con .",NEUTRAL
no se desgasten hundió a fajardo. y por patriotismo y con voto útil por ganaremos en primera vuelta e impediremos que regrese al senado.,POSITIVA
"estos paisas tienen es mierda en la cabeza,no se pego a nadie,no gana con petro donde era bien recibido, no le acepto el segundo lugar al ing,que también lo necesitaba.",NEGATIVA
"hoy el centro político electoralmente no es viable. desafortunadamente -e irónicamente-, estimado fajardo, el voto en blanco sacará más votos que tú.",NEGATIVA
fajardo péguese a petro y ganamos en primera vuelta pero es un perdedor y no ganan nada.,NEGATIVA
"quizá por odio vota en contra, no piensa en el país. no es farándula, recuerde que rodolfo votó no a la paz. suficientes razones para no irse con él. no se sienta atacado, solo trato de entender la lógica que lleva a tomar esas decisiones, a todas luces incoherentes.",NEGATIVA
"algunos votarán por el tibio fajardo lo hacen con mucho pesar y lástima, sergio no tiene programa serio para gobernar su único discurso es insultar al presidente duque y a uribe y eso le pasó factura y adiós al profesor.",NEGATIVA
igual farcjardo va a votar por cualquier menos fico en segunda vuelta.es otro que ya contaminaron....,NEGATIVA
ariel avila dio la puntilla final,NEUTRAL
"petro con samper proceso 8000 y fico con uribe, mafia muerte y corrupción los mismos con la misma mafia, con la misma corrupción. cual cambió? tenemos que ser responsables, es cuestión de país. la mejor candidatura, la que le conviene al país, es la de centró esperanza, sin duda",NEGATIVA
"por eso mismo, el señor es de lo más incongruente que hay que solo demuestra ignorancia. igual usted sabe que su candidato principal no va a lograr nada, por substracción de materia, apoya a rodolfo y el continuismo.",NEGATIVA
fico presidente y en primera vuelta,NEUTRAL
"terminamos este encuentro con líderes del oriente antioqueño y . valioso espacio para dialogar, escucharnos y seguir construyendo la mejor propuesta de cambio para colombia, la del profe",POSITIVA
"este 29 de mayo vote por el que usted quiera, menos, claro está, por , y",NEUTRAL
"recuerda que los dos son de alas opuestas, fico-urine paracos narcoparapolíticos, rodolfo es apoyado por urine, él mismo dijo que tenía una deuda con ese bandido. no suena muy coherente su posición. rodolfo de centro no tiene nada, admira a hitler. urine es continuismo",NEGATIVA
traducción: se va por el continuismo si o si.,NEUTRAL
¿usted es así de bruto?¿o eso lo dice para enredar bobos?después de su decisión de votar en blanco e irse a mirar ballenas debió retirarse porque con ese acto se despidió de la política.hoy sale por la puerta de atrás,NEGATIVA
"vamos querido, hagámoslo por nosotros, por darle el valor a nuestras ideas",POSITIVA
¡el tiempo se acabó! y son la clave para derrotar la corrupción y darle a colombia una nueva era alejada de la violencia con tintes ideológicos que tienen en el abandono al pueblo colombiano.,NEUTRAL
vengo a presumir foto con un real liberal. . firmes con,NEUTRAL
ya no da ni rabia,NEUTRAL
pobre hipócrita.,NEGATIVA
se puede los principios el positivemos y la esperanza tiene más peso que las encuestas,POSITIVA
oye dígame como es para que me paguen por estar a favor de ... se te nota mucho.,NEUTRAL
"más respeto, por favor",NEUTRAL
"triste, pero somos más los buenos",POSITIVA
y petro y los petristas no tiran cizaña? jajaja la doble moral,NEGATIVA
ahí está pintado el cetólogo . . .,NEUTRAL
y por qué solo contra y ? esta práctica sucia beneficio a ? porque los allegados a no incluyeron a rodolfo hernández? son harina del mismo costa fico y rh pero en diferente empaque?,NEUTRAL
"el error de fajardo fue creer que tenían los votos de esa consulta, jajajaja",NEGATIVA
"el enemigo de colombia, es petro.",NEGATIVA
"capacidad de unir, honestidad, decir la verdad, conocimiento y coraje. estas son las características esenciales de un líder político y creo que las tiene todas.",POSITIVA
"si amas a tu país, deberías tomar la decisión de unirte al ingeniero. es hora de demostrar tu altura cívica e intelectual. deja el orgullo a un lado y haz lo que debes hacer por todos la historia te lo reconocerá al igual que el pueblo.",POSITIVA
siga con la silla vacía....,NEUTRAL
"fajardo su vice y su grsn equipo de trabajo, es voluntad política humildad preparacion inteligencia y propósito por un mejor colombia",POSITIVA
"en nuestro archipiélago no habrá un voto para , habrá miles. esta semana es decisiva y seguiremos trabajando para generar sensatez colectiva y objetivamente decidir por el mejor candidato.",POSITIVA
firme y optimista,POSITIVA
"si se une al , sale del escenario. pasa rodolfo a segunda vuelta. ve que se los digo.",NEUTRAL
"la lucha que estamos dando es por la colombia que nos merecemos, yo sigo firme creyendo en una política de principios, transparente, decente, que tenga a la educación como un motor de la transformación yo oscar sigo firme y también quiero el país que me merezco",POSITIVA
"es más lo que nos une,es y son procesos de país no es solo personal,y la verdad en estos momentos el proyecto con y el correcto que se requiere para el país .por eso dejen terquedad",POSITIVA
recordemos que el hijo de petro le pago a poncho hace un año para que saludara a gustavo... no van a decir nada,NEUTRAL
oye crespo pa contarte que por este lado estamos y vamos contigo hasta el final mañana nos vemos en la,NEUTRAL
"hoy una persona me dijo que las formas si importan y con las formas se construye, por eso votará por",NEUTRAL
guarumo.. la única que dijo que ganaría el no!!,NEUTRAL
más impacto social,NEUTRAL
"ella ya sacó un comunicado, que a mi modo de ver tiene mejor beneficio que una denuncia.",POSITIVA
sigo con la convicción de que colombia cambiará!! con fajardo y murillo lo vamos a lograr,POSITIVA
"la única política correcta es la de los principios. mejor programa, mejor equipo, mejor ejemplo. . votar útil es ver reflejada la de nuestros sueños en las urnas. ni más, ni menos.",POSITIVA
"tan duro me le están dando al viejito bello , que si en 2a vuelta necesitan sus votos desde ya me voy a ver ballenitas con",NEUTRAL
pues valla empacando sus maletas para que se valla de una vez con todos los uribistas por el cambio ya llegó,NEUTRAL
"a le recomiendo ir a ver ballenas antes del 29 de mayo, adelante ese viaje, no pierda el tiempo...",NEUTRAL
"nos vemos hoy en el parque fundacional de ón, en apoyo a .",POSITIVA